cc_brand,cc_name,odds_of_collision,luhn_cc_space,active_global_users,bin_list
American Express,American Express American Express Blue Cash Express Card,0.04,100000000,4000000,['372395*********']
Visa,"VISA Bank of America, National Association Classic, Debit, Visa",0.025,1000000000,25000000,['449533**********']
MasterCard,Mastercard Wells Fargo Bank,0.02,1000000000,20000000,['546616**********']
Visa,VISA Chase VISA debit card,0.02,1000000000,20000000,['420767**********']
Visa,VISA Wells Fargo Bank,0.02,1000000000,20000000,['414718**********']
Visa,VISA Wells Fargo Platinum Visa,0.02,1000000000,20000000,['442518**********']
MasterCard,"Mastercard PayPal Debit MasterCard BusinessCard, The Bancorp Bank",0.015,1000000000,15000000,['558158**********']
MasterCard,Mastercard Shazam,0.015,1000000000,15000000,['544047**********']
MasterCard,Mastercard USAA,0.015,1000000000,15000000,['541206**********']
Visa,VISA Bank of America (US; formerly Fleet) Temporary VISA Debit Card (Embossed name Preferred Customer),0.015,1000000000,15000000,['411773**********']
American Express,American Express American Express Blue for Business credit (small business),0.01,100000000,1000000,['372734*********']
American Express,American Express American Express Business,0.01,100000000,1000000,['373275*********']
MasterCard,Mastercard Chase Manhattan Bank MasterCard Credit Card,0.01,1000000000,10000000,['522276**********']
MasterCard,"Mastercard Chase Manhattan Bank USA, N.A.",0.01,1000000000,10000000,['549104**********']
MasterCard,Mastercard Chase MasterCard Credit Card,0.01,1000000000,10000000,['540168**********']
MasterCard,Mastercard Chase SLATE MasterCard Credit Card,0.01,1000000000,10000000,['544748**********']
MasterCard,Mastercard Jpmorgan Chase Bank MasterCard Credit Card,0.01,1000000000,10000000,['517805**********']
MasterCard,Mastercard Wells Fargo,0.01,2000000000,20000000,"['514019**********', '514020**********']"
Visa,VISA Capital One Platinum,0.01,1000000000,10000000,['412174**********']
Visa,VISA CapitalOne Platinum,0.01,1000000000,10000000,['400344**********']
Visa,VISA JP Morgan Business Visa Debit Card,0.01,1000000000,10000000,['442742**********']
Visa,"VISA U.S. Bank National Association, Visa Credit Card",0.01,1000000000,10000000,['403766**********']
Visa,VISA US Bank Visa Debit Card (USA),0.01,1000000000,10000000,['404645**********']
American Express,American Express Citibank American Express Cards,0.006,100000000,"600,000",['374345*********']
American Express,American Express American Express Blue card,0.005,100000000,500000,['374671*********']
American Express,American Express American Express Gold Card,0.005,100000000,500000,['372888*********']
MasterCard,Mastercard Chase Business Ink MasterCard,0.005,1000000000,5000000,['558250**********']
MasterCard,Mastercard CitiBank South Dakota,0.005,1000000000,5000000,['514012**********']
MasterCard,Mastercard Citibank MasterCard Card,0.005,1000000000,5000000,['526226**********']
MasterCard,Mastercard Citibank Platinum Select,0.005,1000000000,5000000,['542418**********']
MasterCard,Mastercard Fifth Third Bank,0.005,1000000000,5000000,['548009**********']
MasterCard,Mastercard Fifth Third Bank MasterCard Debit Card,0.005,1000000000,5000000,['542432**********']
MasterCard,Mastercard USAA Federal Savings Bank MasterCard Credit/Debit Card,0.005,1000000000,5000000,['546528**********']
MasterCard,Mastercard USAA Federal Savings Bank Platinum,0.005,1000000000,5000000,['549123**********']
MasterCard,Mastercard USAA USAA Cash Rewards Debit MasterCard,0.005,1000000000,5000000,['510982**********']
MasterCard,Mastercard USAA World Mastercard,0.005,1000000000,5000000,['552313**********']
Visa,"VISA Chase (US, formerly Bank One) Chase Sapphire or Holiday Inn Priority Club Rewards Visa Credit Card",0.005,1000000000,5000000,['414720**********']
Visa,"VISA First USA Bank, N.A.",0.005,1000000000,5000000,['441712**********']
Visa,VISA Wells Fargo Debit,0.005,4000000000,20000000,"['430763**********', '434256**********', '434257**********', '434258**********']"
American Express,American Express Bank of America American Express,0.0035,200000000,"700,000","['374314*********', '374322*********']"
American Express,American Express Citibank American Airlines credit card,0.003,100000000,"300,000",['374350*********']
MasterCard,Mastercard Navy Federal Credit Union,0.003,1000000000,3000000,['514022**********']
Visa,VISA Navy Federal Credit Union,0.003,1000000000,3000000,['403216**********']
Visa,VISA Bank of America (formerly Fleet National Bank) Visa Check Card Debit,0.002857143,7000000000,20000000,"['432624**********', '432625**********', '432626**********', '432627**********', '432628**********', '432629**********', '432630**********']"
American Express,American Express American Express Gift Card,0.0025,200000000,500000,"['374326*********', '374328*********']"
American Express,American Express American Express [BMW] card,0.0025,200000000,500000,"['374660*********', '374661*********']"
MasterCard,Mastercard Citibank MC,0.0025,2000000000,5000000,"['549113**********', '541065**********']"
MasterCard,Mastercard MBNA American Bank [Now part of Bank of America],0.0025,2000000000,5000000,"['549035**********', '549099**********']"
American Express,American Express American Express SERVE Preferred Client Card,0.002,100000000,"200,000",['372741*********']
MasterCard,Mastercard Citibank MasterCard American Airlines AAdvantage Debit Card,0.002,1000000000,2000000,['526219**********']
MasterCard,"Mastercard HSBC Bank Nevada, N.A. issued Household Bank Platinum Mastercard",0.002,1000000000,2000000,['549110**********']
MasterCard,Mastercard HSBC Credit USA,0.002,1000000000,2000000,['543328**********']
MasterCard,Mastercard MasterCard,0.002,1000000000,2000000,['544842**********']
MasterCard,Mastercard Wachovia Bank MasterCard Credit Card,0.002,1000000000,2000000,['532902**********']
Visa,VISA Bank of America (US) Alaska Airlines Signature Visa Credit Card,0.002,1000000000,2000000,['414716**********']
Visa,VISA Branch Banking & Trust Classic Credit Card USA,0.002,1000000000,2000000,['409311**********']
Visa,VISA Citibank (American Airlines) Visa Signature Credit Card,0.002,1000000000,2000000,['414711**********']
Visa,VISA Citizens Bank (RBS) Platinum Visa Debit Card,0.002,1000000000,2000000,['442790**********']
Visa,VISA Corner Visa Debit Card,0.002,1000000000,"2,000,000",['495055**********']
Visa,VISA GAP Visa Credit Card (issued by GE Capital Retail Bank),0.002,1000000000,2000000,['447994**********']
Visa,VISA GE Consumer Finance VISA Card,0.002,1000000000,2000000,['453893**********']
Visa,VISA Old Navy Visa Credit Card,0.002,1000000000,2000000,['447995**********']
Visa,VISA Suntrust Bank Debit Card,0.002,1000000000,2000000,['401180**********']
American Express,American Express FIA Card Services Fidelity Rewards American Express card,0.0015,100000000,"150,000",['374716*********']
Visa,VISA Bank of America,0.0015,1000000000,"1,500,000",['434255**********']
Visa,VISA Chase Bank (United Airlines) Visa credit card,0.0015,1000000000,"1,500,000",['438857**********']
Visa,VISA Chase Debit Card,0.0015,1000000000,"1,500,000",['441104**********']
Visa,VISA Chase Debit Visa,0.0015,1000000000,"1,500,000",['428208**********']
Visa,VISA TCF Visa Debit Card,0.0015,1000000000,"1,500,000",['432995**********']
Visa,VISA US Bank debit card,0.0015,1000000000,"1,500,000",['420719**********']
Visa,VISA Bank of America Visa Platinum Check Card Debit,0.001363636,11000000000,15000000,"['435680**********', '435681**********', '435682**********', '435683**********', '435684**********', '435685**********', '435686**********', '435687**********', '435688**********', '435689**********', '435690**********']"
Visa,VISA Wells Fargo Bank Debit Visa,0.0012,1000000000,"1,200,000",['416724**********']
MasterCard,Mastercard Ally Bank Platinum Debit Card,0.001,1000000000,1000000,['557552**********']
MasterCard,Mastercard Best Buy,0.001,1000000000,1000000,['534248**********']
MasterCard,Mastercard Citibank Sunoco or Conoco Mastercard,0.001,1000000000,1000000,['518390**********']
MasterCard,Mastercard Citizens Bank (Business Checking) Debit,0.001,1000000000,1000000,['558108**********']
MasterCard,Mastercard Citizens Bank (Personal Checking) Debit,0.001,1000000000,1000000,['544917**********']
MasterCard,Mastercard FISERV SOLUTIONS CREDIT Mastercard,0.001,1000000000,1000000,['516693**********']
MasterCard,Mastercard Fidelity 529 College Rewards (FIA Card Services),0.001,1000000000,1000000,['546632**********']
MasterCard,"Mastercard First USA Bank, N.A. Master Card",0.001,1000000000,1000000,['546604**********']
MasterCard,"Mastercard HSBC Bank Nevada, NA Premier World Mastercard (credit card)",0.001,1000000000,1000000,['549409**********']
MasterCard,Mastercard HSBC Bank USA Premier Debit Mastercard With PayPass,0.001,1000000000,1000000,['532561**********']
MasterCard,Mastercard HSBC GM MasterCard Credit Card,0.001,2000000000,2000000,"['546641**********', '546680**********']"
MasterCard,Mastercard Household Bank USA MasterCard Credit Card,0.001,1000000000,1000000,['540801**********']
MasterCard,Mastercard Keybank Electron Mastercard Debit,0.001,1000000000,1000000,['544927**********']
MasterCard,Mastercard MetaBank (USA) Prepaid Debit Mastercard,0.001,1000000000,1000000,['531108**********']
MasterCard,Mastercard Payoneer MasterCard Debit Card,0.001,1000000000,1000000,['531445**********']
MasterCard,Mastercard Suntrust Bank Mastercard Credit/Debit,0.001,1000000000,1000000,['546540**********']
MasterCard,Mastercard eBay MasterCard via Providian,0.001,1000000000,1000000,['541657**********']
Visa,VISA 1st National Bank of Omaha,0.001,1000000000,1000000,['441822**********']
Visa,VISA Associated Bank (Citibank (South Dakota) N.A.),0.001,1000000000,1000000,['400944**********']
Visa,VISA Bancorp prepaid (USA),0.001,1000000000,1000000,['410489**********']
Visa,VISA Branch Banking and Trust (BB&T),0.001,1000000000,1000000,['410894**********']
Visa,VISA CAPITAL ONE BANK Credit Card,0.001,1000000000,"1,000,000",['426684**********']
Visa,VISA Cabela's World's Foremost Bank,0.001,1000000000,1000000,['404527**********']
Visa,VISA Capital One Visa Gold Credit Card,0.001,1000000000,"1,000,000",['487392**********']
Visa,VISA Chase Amazon.com Rewards Card Visa Signature Credit Card,0.001,2000000000,"2,000,000","['414840**********', '414740**********']"
Visa,VISA Chase Bank / MyECount.com Sprint Wireless' rebate debit card,0.001,1000000000,1000000,['448156**********']
Visa,VISA Chase Bank USA VISA Business Credit Card,0.001,1000000000,"1,000,000",['424631**********']
Visa,VISA CitiBank Patriot Memory Promo Debit Card,0.001,1000000000,1000000,['407441**********']
Visa,VISA Compass Bank Visa Business Check Card Debit,0.001,1000000000,1000000,['435760**********']
Visa,"VISA Credit One Bank, N.A.",0.001,1000000000,1000000,['444796**********']
Visa,VISA MBNA Visa,0.001,1000000000,1000000,['433507**********']
Visa,VISA National City Bank Visa Debit Card,0.001,1000000000,1000000,['447935**********']
Visa,VISA Pennsylvania State Employees Credit Union (PSECU) Credit Card,0.001,1000000000,1000000,['412134**********']
Visa,"VISA Prepaid card, US Bank Visa Classic Debit Card",0.001,1000000000,1000000,['446053**********']
Visa,VISA Sovereign Bank Visa Debit Card,0.001,1000000000,1000000,['415981**********']
Visa,VISA Sovereign Bank Business Check Card,0.001,1000000000,1000000,['413433**********']
Visa,"VISA Staples Rebate Card, issued by Chase",0.001,1000000000,1000000,['487312**********']
Visa,VISA TD U.S. Dollar,0.001,1000000000,1000000,['408586**********']
Visa,VISA Target Visa Card,0.001,1000000000,"1,000,000",['435237**********']
Visa,VISA U.S. Bank Visa debit card,0.001,1000000000,"1,000,000",['436618**********']
Visa,VISA ZoomPass Pre-paid visa card,0.001,1000000000,1000000,['489382**********']
Visa,VISA Green Dot Prepaid Visa debit card,0.0008,1000000000,"800,000",['418370**********']
Visa,VISA Chase (formerly Bank One) Visa Credit Card,0.00075,2000000000,"1,500,000","['426655**********', '426656**********']"
American Express,American Express American Express Credit Card,0.0005,10000000000,5000000,['3764***********']
MasterCard,"Mastercard  US Bank National Association, Giftcard",0.0005,1000000000,500000,['521679**********']
MasterCard,"Mastercard Bankcorp Bank ""Vanilla"" Sams Club Gift PrePaid",0.0005,1000000000,500000,['515462**********']
MasterCard,Mastercard Barclaycard US Airways Premier World Credit Card,0.0005,1000000000,500000,['546638**********']
MasterCard,"Mastercard FNB Bank, MasterCard Debit Prepaid",0.0005,1000000000,500000,['539738**********']
MasterCard,Mastercard GE Retail Bank Prepaid,0.0005,1000000000,500000,['544856**********']
MasterCard,Mastercard People's United Bank MasterMoney Debit Card,0.0005,1000000000,500000,['544602**********']
MasterCard,Mastercard Union Plus serviced by Capital One formerly HSBC,0.0005,1000000000,500000,['549945**********']
Visa,VISA Ally Bank (US) Visa Classic Check Card,0.0005,1000000000,500000,['413002**********']
Visa,VISA Entropay Virtual Visa,0.0005,1000000000,500000,['410162**********']
Visa,VISA Entropay Virtual Visa Card USD,0.0005,1000000000,500000,['406742**********']
Visa,VISA Fidelity Rewards Visa Signature (issued by FIA Card Services),0.0005,1000000000,"500,000",['440318**********']
Visa,VISA Fifth Third Bank,0.0005,1000000000,"500,000",['444512**********']
Visa,VISA Fifth and Third Bank,0.0005,1000000000,"500,000",['415786**********']
Visa,VISA Hollywood Movie Money Certificate Issued by MetaBank,0.0005,1000000000,500000,['487211**********']
Visa,VISA PenFed Credit Union,0.0005,1000000000,"500,000",['430679**********']
Visa,VISA RBC Bank (Georgia) N.A. VISA Debit Card,0.0005,1000000000,500000,['490077**********']
Visa,VISA Sovereign Bank Visa Debit Card,0.0005,2000000000,1000000,"['412984**********', '412985**********']"
Visa,VISA The Security National Bank & Trust Company of Norman,0.0005,1000000000,500000,['442860**********']
Visa,VISA Union Bank & Trust Company Visa Debit Card,0.0005,1000000000,500000,['447452**********']
Visa,VISA Visa Card,0.0005,1000000000,500000,['431406**********']
Visa,VISA Visa Card Wachovia / Wells Fargo,0.0005,1000000000,"500,000",['431500**********']
Visa,VISA Regions Bank Visa Debit Card,0.0004,1000000000,"400,000",['429475**********']
Visa,VISA Bank of America (Formerly Fleet) Business Visa Card,0.000375,4000000000,"1,500,000","['417008**********', '417009**********', '417010**********', '417011**********']"
MasterCard,Mastercard Sears National Bank Citi Sears MasterCard,0.000333333,3000000000,1000000,"['512106**********', '512107**********', '512108**********']"
Visa,VISA Bank of America VISA Debit Card,0.000333333,3000000000,"1,000,000","['421764**********', '421765**********', '421766**********']"
American Express,American Express American Express Costco Wholesale Executive Card,0.0003,10000000000,3000000,['3712***********']
American Express,American Express American Express Costco Wholesale Platinum Card,0.0003,10000000000,3000000,['3723***********']
MasterCard,Mastercard Boeing Employee Credit Union Debit,0.0003,1000000000,300000,['544448**********']
MasterCard,Mastercard Comerica Bank Mastercard prepaid,0.0003,1000000000,300000,['533248**********']
MasterCard,Mastercard FirstMerit Corporation MasterCard Debit Card,0.0003,1000000000,300000,['510782**********']
MasterCard,Mastercard Orange County's Credit Union Debit Master Card,0.0003,1000000000,300000,['551915**********']
MasterCard,Mastercard Star Processing PrePaid Mastercard,0.0003,1000000000,300000,['553877**********']
MasterCard,Mastercard The Bancorp Bank Higher One MasterCard Debit Card,0.0003,1000000000,300000,['510840**********']
Visa,VISA Guaranty Bank Visa Debit card USA,0.0003,1000000000,300000,['414588**********']
Visa,VISA JP Morgan Chase Bank Visa Card,0.0003,1.00E+11,30000000,['4867************']
Visa,VISA META Bank (Rewards 660 Visa) Credit Limit Between $200 & $2000,0.0003,1000000000,300000,['400610**********']
Visa,VISA MetaBank Visa Debit,0.0003,1000000000,300000,['446106**********']
Visa,VISA MetaBank Visa Gift Card,0.0003,1000000000,300000,['441709**********']
Visa,"VISA MetaBank, Visa Prepaid Card (USA)",0.0003,1000000000,300000,['404195**********']
Visa,"VISA Plains Commerce Total Visa Small Credit Limit, Credit Repair Card",0.0003,1000000000,300000,['431732**********']
Visa,VISA RBC Bank (Georgia) N.A. VISA Platinum Credit Card,0.0003,1000000000,300000,['490080**********']
Visa,VISA RBC Centura Bank Visa Debit Card (Pocket Check Card),0.0003,1000000000,"300,000",['427557**********']
Visa,VISA Schwab Bank Invest First Visa Signature,0.0003,1000000000,"300,000",['440319**********']
Visa,VISA TD Bank Gift Card,0.0003,1000000000,300000,['412266**********']
Visa,VISA The Golden 1 Credit Union (US) Visa Classic,0.0003,1000000000,300000,['410897**********']
Visa,"VISA U.S. Bank N.A., Metabank Gift card",0.0003,1000000000,"300,000",['435899**********']
MasterCard,Mastercard Juniper Bank Now known as Barclays Bank PLC,0.00025,2000000000,500000,"['514021**********', '514889**********']"
Visa,VISA First National Bank of Omaha and affiliate Visa Debit Cards,0.00025,2000000000,"500,000","['429805**********', '429812**********']"
Visa,VISA Washington Mutual (formerly Fleet) VISA Debit Card,0.00025,2000000000,"500,000","['425435**********', '425436**********']"
American Express,American Express American Express Delta SkyMiles Platinum Card,0.0002,10000000000,2000000,['3713***********']
MasterCard,Mastercard CitiBank China Rewards (US Dollars Card),0.0002,1000000000,200000,['554219**********']
MasterCard,Mastercard Continental Finance MasterCard $300 Limit Card,0.0002,1000000000,200000,['512607**********']
MasterCard,"Mastercard HOUSEHOLD BANK (NEVADA), N.A, (Orchard Bank M/C, HSBC Card Services) RUA",0.0002,1000000000,200000,['548955**********']
MasterCard,Mastercard Lake Michigan Credit Union MasterCard Debit Card,0.0002,1000000000,200000,['510875**********']
MasterCard,Mastercard Park National Bank,0.0002,1000000000,200000,['514102**********']
Visa,VISA Bank of America (US; formerly Fleet) VISA Debit Card,0.0002,1.00E+11,20000000,['4117************']
Visa,VISA Bank of America (formerly MBNA) Platinum Visa Credit Card,0.0002,5000000000,"1,000,000","['426428**********', '426429**********', '426451**********', '426452**********', '426465**********']"
Visa,VISA CHASE Visa Debit/Credit,0.0002,1.00E+11,20000000,['4060************']
Visa,VISA Chase +1 Student Visa Card (2008),0.0002,1000000000,200000,['426684**********']
Visa,VISA Chase Banking Debit Card,0.0002,1.00E+11,20000000,['4124************']
Visa,"VISA Compass Bank Visa Business Platinum Check Card, Debit",0.0002,1000000000,"200,000",['425914**********']
Visa,VISA Countrywide Visa Credit Card (2008),0.0002,1000000000,"200,000",['426684**********']
Visa,VISA Digital Federal Credit Union (DCU) Visa Check Card,0.0002,1000000000,"200,000",['429420**********']
Visa,VISA MetaBank Visa debit Prepaid,0.0002,1000000000,"200,000",['419672**********']
Visa,VISA Metabank Debit Card,0.0002,1000000000,"200,000",['432732**********']
Visa,VISA Pennsylvania State Employees' Credit Union Check Card,0.0002,1000000000,"200,000",['430586**********']
Visa,VISA San Diego County Credit Union Visa Card,0.0002,1000000000,"200,000",['438755**********']
Visa,VISA Umpqua Bank of Oregon Visa Business Check Card,0.0002,1000000000,200000,['486913**********']
Visa,VISA VISA Debit LGE Community Credit Union,0.0002,1000000000,200000,['406632**********']
Visa,"VISA Visa(card brand), Debit(card type), Classic(card level), Regional federal credit union (=Regional F.C.U,bank name)",0.0002,1000000000,200000,['409908**********']
Visa,VISA Wells Fargo Visa Credit Card,0.0002,1.00E+11,20000000,['4465************']
Visa,VISA Wells Fargo Bank N.A. Check Card,0.0002,1.00E+11,20000000,['4868************']
Visa,VISA Wells Fargo Visa check card,0.0002,1.00E+11,20000000,['4323************']
American Express,American Express American Express Starwood Preferred Guest hotel loyalty credit card,0.00019802,10100000000,2000000,"['372550*********', '3772***********']"
Visa,VISA Chase (formerly First USA),0.000166667,9000000000,"1,500,000","['436610**********', '436611**********', '436612**********', '436613**********', '436614**********', '436615**********', '436616**********', '436617**********', '436667**********']"
Visa,VISA Visa Electron,0.000166667,3000000000,500000,"['412921**********', '412922**********', '412923**********']"
Visa,VISA Visa Gift Card,0.00015,2000000000,300000,"['434493**********', '407714**********']"
Visa,VISA Wells Fargo Business Platinum Check Visa Card,0.00015,2000000000,"300,000","['425907**********', '425908**********']"
MasterCard,Mastercard  People's Trust,0.0001,1000000000,100000,['522182**********']
MasterCard,Mastercard Bremer Bank Debit Card,0.0001,1000000000,100000,['557615**********']
MasterCard,Mastercard Cambridge Trust Company in Massachusetts,0.0001,1000000000,100000,['551445**********']
MasterCard,"Mastercard Citibank, MBNA & Chase World MasterCard Credit Cards",0.0001,1.00E+11,10000000,['5466************']
MasterCard,Mastercard County National Bank Debit Card issued in South Central Michigan,0.0001,1000000000,100000,['550988**********']
MasterCard,Mastercard Finserv,0.0001,1000000000,100000,['550800**********']
MasterCard,Mastercard First National Bank in Edinburg,0.0001,1000000000,100000,['553985**********']
MasterCard,Mastercard Franklin Templeton Bank and Trust,0.0001,1000000000,100000,['514017**********']
MasterCard,Mastercard ITS Bank/SHAZAM (Interbank Network) Mastercard USA unclear if Debit or Credit,0.0001,2000000000,200000,"['551128**********', '551167**********']"
MasterCard,Mastercard Infibank,0.0001,1000000000,100000,['514015**********']
MasterCard,Mastercard MB Financial Bank,0.0001,1000000000,100000,['557199**********']
MasterCard,Mastercard MIT Federal Credit Union Debit Mastercard,0.0001,1000000000,100000,['553823**********']
MasterCard,Mastercard Mascoma Savings Bank Business Mastercard Debit Card,0.0001,1000000000,100000,['514700**********']
MasterCard,Mastercard Mascoma Savings Bank Mastercard Consumer Debit Card,0.0001,1000000000,100000,['545955**********']
MasterCard,Mastercard MidCountry Bank Debit Card,0.0001,1000000000,100000,['546405**********']
MasterCard,Mastercard Paradigm Bank Texas,0.0001,1000000000,100000,['514108**********']
Visa,VISA Affinity Plus Federal Credit Union Debit Card,0.0001,1000000000,"100,000",['430605**********']
Visa,VISA CHASE (formerly Washington Mutual/Providian) Platinum VISA Credit Card,0.0001,1.00E+11,10000000,['4559************']
Visa,VISA CSL Plasma and Other Various Plasma Donation Centers,0.0001,1000000000,100000,['407444**********']
Visa,VISA Capital One Visa Card,0.0001,1.00E+11,10000000,['4143************']
Visa,VISA Columbus Bank and Trust,0.0001,1000000000,"100,000",['425522**********']
Visa,VISA Delta Community Credit Union Visa,0.0001,1000000000,100000,['401171**********']
Visa,VISA First Bankcard,0.0001,1000000000,"100,000",['441297**********']
Visa,"VISA First Command Financial Planning, Inc.",0.0001,1000000000,"100,000",['426698**********']
Visa,VISA Mayo Employees Federal Credit Union Debit,0.0001,1000000000,100000,['488839**********']
Visa,VISA McCoy Federal Credit Union VISA debit card,0.0001,1000000000,100000,['401106**********']
Visa,VISA Nordstrom FSB Classic Visa Credit Card,0.0001,1000000000,"100,000",['426638**********']
Visa,VISA Patelco Credit Union,0.0001,1000000000,"100,000",['423347**********']
Visa,VISA Plumas Bank California Visa Business Check Card,0.0001,1000000000,100000,['486912**********']
Visa,VISA RBC Bank (Georgia) N.A. VISA Signature Black Credit Card,0.0001,2000000000,200000,"['490080**********', '490080**********']"
Visa,VISA Scott Credit Union Visa Debit Card,0.0001,1000000000,"100,000",['429531**********']
Visa,VISA Sovereign Bank Check Card,0.0001,1000000000,"100,000",['432845**********']
Visa,VISA US Bank USA GOVT VISA Procurment Card,0.0001,1000000000,"100,000",['424604**********']
Visa,VISA US Bank Visa (USA),0.0001,1.00E+11,10000000,['4037************']
Visa,VISA Valley Bank,0.0001,1000000000,100000,['449364**********']
Visa,VISA Wells Fargo Bank Preferred Visa & Visa Signature Credit Cards,7.14E-05,7000000000,"500,000","['431301**********', '431302**********', '431303**********', '431304**********', '431305**********', '431307**********', '431308**********']"
Visa,VISA Columbus Bank & Trust Company (Aspire Visa Gold Card),0.00006,5000000000,300000,"['410635**********', '410636**********', '410637**********', '410638**********', '410639**********']"
MasterCard,Mastercard Affinity Bank,0.00005,2000000000,100000,"['523911**********', '523912**********']"
MasterCard,Mastercard Bank of America (formerly MBNA) MasterCard Gold Credit Card,0.00005,1.00E+11,5000000,['5401************']
MasterCard,Mastercard Citibank,0.00005,1000000000,50000,['530111**********']
MasterCard,"Mastercard Citibank MasterCard Credit Card ""Business""",0.00005,1.00E+11,5000000,['5588************']
MasterCard,"Mastercard Citibank MasterCard Credit Card ""Virtual Card"" number",0.00005,1.00E+11,5000000,['5403************']
MasterCard,"Mastercard Citibank MasterCard Credit Card Dividend, Diamond and others",0.00005,1.00E+11,5000000,['5424************']
MasterCard,Mastercard EDS Employees First Credit Union,0.00005,1000000000,50000,['514253**********']
MasterCard,Mastercard Elgin First Credit Union,0.00005,1000000000,50000,['514013**********']
MasterCard,Mastercard Integra Bank,0.00005,1000000000,50000,['514011**********']
MasterCard,Mastercard MBNA & Chase Platinum MasterCard Credit Cards,0.00005,1.00E+11,5000000,['5490************']
MasterCard,Mastercard USAA Credit Card,0.00005,1.00E+11,5000000,['5458************']
MasterCard,Mastercard USAA Federal Savings Bank,0.00005,1.00E+11,5000000,['5438************']
Visa,VISA Bank of Lee's Summit VISA Debit,0.00005,1000000000,"50,000",['420984**********']
Visa,VISA Best Bank,0.00005,1000000000,"50,000",['434254**********']
Visa,VISA Capital One Orbitz Visa Platinum Credit Card,0.00005,1.00E+11,5000000,['4873************']
Visa,VISA Citibank (US) Platium Select Dividends VISA Credit Card,0.00005,1.00E+11,5000000,['4128************']
Visa,"VISA Code Credit Union (Dayton, Ohio)",0.00005,1000000000,"50,000",['426488**********']
Visa,"VISA Cuaranty Bank Classic, Debit, Visa",0.00005,1000000000,"50,000",['448027**********']
Visa,VISA First US Bank,0.00005,1000000000,"50,000",['444400**********']
Visa,VISA Five Star Bank,0.00005,1000000000,"50,000",['443464**********']
Visa,VISA PNC Bank,0.00005,1000000000,"50,000",['443060**********']
Visa,VISA PNC Bank (Debit Card) (former National City Debit),0.00005,1.00E+11,5000000,['4430************']
Visa,VISA PNC Bank Visa Points,0.00005,1.00E+11,5000000,['4436************']
Visa,VISA Palm Desert National Bank as Cingular Wireless' rebate debit card,0.00005,1000000000,"50,000",['433991**********']
Visa,"VISA Plumas Bank (California, US) Visa Check Card",0.00005,1000000000,"50,000",['414983**********']
Visa,VISA Suffolk County National Bank Visa Debit,0.00005,1000000000,"50,000",['423966**********']
Visa,VISA Summit Federal Credit Union Visa Debit Card,0.00005,1000000000,"50,000",['430552**********']
Visa,VISA US Bank,0.00005,1000000000,"50,000",['414780**********']
Visa,VISA Visa Pre Paid,0.00005,1000000000,"50,000",['436802**********']
American Express,American Express American Express Platinum Card,0.000049505,10100000000,"500,000","['372863*********', '3717***********']"
MasterCard,Mastercard Citibank MasterCard Debit Card,0.000049505,1.01E+11,5000000,"['5262************', '526224**********']"
American Express,American Express American Express Delta SkyMiles Gold Card,0.00004,10000000000,"400,000",['3797***********']
MasterCard,Mastercard Chase Manhattan Bank USA,3.21E-05,3.12E+11,10000000,"['511200**********', '511201**********', '511202**********', '511203**********', '511204**********', '511205**********', '511206**********', '511207**********', '511208**********', '511209**********', '511210**********', '511211**********', '511212**********', '511213**********', '511214**********', '511215**********', '511216**********', '511217**********', '511218**********', '511219**********', '511220**********', '511221**********', '511222**********', '511224**********', '511227**********', '511228**********', '511230**********', '511231**********', '511232**********', '511233**********', '511234**********', '511235**********', '511239**********', '511242**********', '511243**********', '511244**********', '511261**********', '511262**********', '511263**********', '511264**********', '511265**********', '511266**********', '511267**********', '511268**********', '511273**********', '511274**********', '511275**********', '511276**********', '511277**********', '511278**********', '511279**********', '511281**********', '511282**********', '511283**********', '511284**********', '511288**********', '511293**********', '511294**********', '511296**********', '511298**********', '511500**********', '511501**********', '511502**********', '511503**********', '511504**********', '511505**********', '511506**********', '511507**********', '511508**********', '511509**********', '511510**********', '511514**********', '511514**********', '511519**********', '511520**********', '511521**********', '511522**********', '511523**********', '511524**********', '511528**********', '511530**********', '511532**********', '511533**********', '511534**********', '511536**********', '511538**********', '511539**********', '511540**********', '511543**********', '511544**********', '511548**********', '511553**********', '511555**********', '511559**********', '511562**********', '511563**********', '511564**********', '511566**********', '511567**********', '511568**********', '511572**********', '511573**********', '511574**********', '511578**********', '511579**********', '511585**********', '511586**********', '511590**********', '511592**********', '511593**********', '511594**********', '511595**********', '511600**********', '511601**********', '511602**********', '511603**********', '511604**********', '511605**********', '511607**********', '511608**********', '511609**********', '511610**********', '511614**********', '511620**********', '511622**********', '511642**********', '511647**********', '511650**********', '511654**********', '511656**********', '511661**********', '511664**********', '511665**********', '511667**********', '511668**********', '511669**********', '511671**********', '511673**********', '511674**********', '511676**********', '511677**********', '511678**********', '511679**********', '511680**********', '511681**********', '511682**********', '511683**********', '511684**********', '511685**********', '511686**********', '511688**********', '511689**********', '511690**********', '511691**********', '511692**********', '511693**********', '511694**********', '511695**********', '511696**********', '511698**********', '511699**********', '511712**********', '511716**********', '511721**********', '511726**********', '511730**********', '511732**********', '511733**********', '511734**********', '511740**********', '511742**********', '511743**********', '511744**********', '511746**********', '511747**********', '511748**********', '511749**********', '511756**********', '511760**********', '511762**********', '511763**********', '511765**********', '511766**********', '511767**********', '511770**********', '511771**********', '511774**********', '511775**********', '511778**********', '511779**********', '511780**********', '511781**********', '511782**********', '511783**********', '511784**********', '511785**********', '511788**********', '511790**********', '511791**********', '511793**********', '511794**********', '511796**********', '511799**********', '511800**********', '511807**********', '511808**********', '511809**********', '511812**********', '511813**********', '511814**********', '511815**********', '511816**********', '511817**********', '511818**********', '511819**********', '511820**********', '511821**********', '511822**********', '511823**********', '511824**********', '511825**********', '511826**********', '511827**********', '511828**********', '511829**********', '511830**********', '511831**********', '511832**********', '511833**********', '511834**********', '511836**********', '511837**********', '511838**********', '511839**********', '511840**********', '511841**********', '511842**********', '511843**********', '511844**********', '511847**********', '511848**********', '511849**********', '511850**********', '511851**********', '511852**********', '511853**********', '511856**********', '511857**********', '511859**********', '511860**********', '511861**********', '511864**********', '511865**********', '511866**********', '511867**********', '511869**********', '511870**********', '511871**********', '511872**********', '511874**********', '511875**********', '511876**********', '511878**********', '511879**********', '511880**********', '511881**********', '511882**********', '511885**********', '511887**********', '511888**********', '511889**********', '511890**********', '511891**********', '511892**********', '511893**********', '511894**********', '511895**********', '511896**********', '511897**********', '511898**********', '511899**********', '511900**********', '511901**********', '511902**********', '511904**********', '511910**********', '511911**********', '511913**********', '511916**********', '511917**********', '511920**********', '511921**********', '511932**********', '511934**********', '511937**********', '511938**********', '511939**********', '511942**********', '511953**********', '511958**********', '511964**********', '511967**********', '511972**********', '511974**********', '511981**********', '511987**********', '511988**********', '511995**********', '511998**********', '511999**********', '512012**********', '514923**********']"
Visa,VISA U.S. Bank WorldPerks VISA Credit Card,0.00003,10000000000,"300,000",['41900***********']
MasterCard,Mastercard 5-Star Bank,0.000025,2000000000,50000,"['510040**********', '517651**********']"
MasterCard,Mastercard Miramar First Credit Union,0.000025,2000000000,50000,"['514016**********', '517644**********']"
MasterCard,Mastercard HSBC Bank GM Card,0.00002,1.00E+11,2000000,['5407************']
MasterCard,Mastercard MBNA Quantum MasterCard Credit Card,0.00002,1.00E+11,2000000,['5200************']
MasterCard,Mastercard Washington Mutual (formerly Providian) Platinum MasterCard Credit Card,0.00002,1.00E+11,2000000,['5416************']
Visa,VISA Charles Schwab Bank VISA Check Card,0.00002,1.00E+11,2000000,['4919************']
Visa,VISA Suntrust Bank Visa Credit Card,0.00002,1.00E+11,2000000,['4488************']
MasterCard,Mastercard AT&T Universal MasterCard Credit Card Now part of Citibank,0.000019802,1.01E+11,2000000,"['539655**********', '5491************']"
Visa,VISA TCF Bank Debit Card,0.000015,1.00E+11,"1,500,000",['4479************']
Visa,VISA TD Bank Debit Card,0.000015,1.00E+11,"1,500,000",['4029************']
Visa,VISA Visa Debit Card,0.000015,1.00E+11,"1,500,000",['4013************']
American Express,American Express American Express Centurion Card,0.00001,10000000000,100000,['3715***********']
MasterCard,"Mastercard HSBC Bank, Union Bank of California Pay Pass debit card",0.00001,1.00E+11,1000000,['5409************']
MasterCard,Mastercard HSBC MasterCard Debit Card with PayPass,0.00001,1.00E+11,1000000,['5443************']
MasterCard,Mastercard Harris Bank Debit Card,0.00001,1.00E+11,1000000,['5459************']
MasterCard,Mastercard INGDirect Electric Orange Debit Card,0.00001,1.00E+11,1000000,['5108************']
MasterCard,Mastercard Washington Mutual Business Debit card,0.00001,1.00E+11,1000000,['5322************']
MasterCard,Mastercard Wells Fargo Bank BusinessLine credit card,0.00001,1.00E+11,1000000,['5474************']
Visa,VISA BECU Visa,0.00001,1.00E+11,1000000,['4428************']
Visa,VISA Bank of America Classic Visa Credit Card,0.00001,1.00E+11,"1,000,000",['4342************']
Visa,VISA Bank of America Visa Debit Card,0.00001,1.00E+11,"1,000,000",['4356************']
Visa,VISA Capital One Visa Credit Card,0.00001,1.00E+11,"1,000,000",['4388************']
Visa,VISA Chase Visa,0.00001,1.00E+11,1000000,['4301************']
Visa,VISA Macys Visa,0.00001,1.00E+11,1000000,['4308************']
Visa,VISA National City Bank Visa Credit Card,0.00001,1.00E+11,1000000,['4311************']
Visa,VISA National City Bank Visa Debit Card (Credit Card?),0.00001,1.00E+11,1000000,['4489************']
Visa,VISA Target Corporation Visa Credit Card,0.00001,1.00E+11,"1,000,000",['4356************']
Visa,VISA Wachovia Bank Visa,0.00001,1.00E+11,1000000,['4019************']
Visa,VISA Bank of America GM Visa Check Card / US Airways Dividend Miles Visa Debit Card,0.000007,1.00E+11,"700,000",['4256************']
Visa,VISA Chase (AARP),0.000007,1.00E+11,"700,000",['4408************']
Visa,VISA U.S. Bank Premiere Line Visa Card,0.000007,1.00E+11,"700,000",['4355************']
MasterCard,Mastercard  Washington Mutual Bank,0.000005,1.00E+11,500000,['5287************']
MasterCard,Mastercard Saks Fifth Avenue World Elite MasterCard Issued by HSBC,0.000005,1.00E+11,500000,['5396************']
Visa,VISA 1st Financial Bank USA,0.000005,1.00E+11,500000,['4018************']
Visa,VISA Banner Bank VISA (Debit Card),0.000005,1.00E+11,500000,['4435************']
Visa,VISA Community Trust Bank Visa Debit Card,0.000005,1.00E+11,500000,['4490************']
Visa,VISA First Tennessee Bank VISA Debit Card,0.000005,1.00E+11,500000,['4451************']
Visa,VISA GSA SmartPay 2 Travel Charge Card,0.000005,1.00E+11,500000,['4486************']
Visa,VISA M&I Marshall & Ilsley Bank Visa Debit Card,0.000005,1.00E+11,500000,['4470************']
Visa,VISA MetaBank Visa,0.000005,1.00E+11,"500,000",['4529************']
Visa,VISA Washington Mutual Visa Card,0.000004,1.00E+11,"400,000",['4185************']
Visa,VISA Columbus Bank and Trust Company Green dot NASCAR Debit Visa Debit card,0.000003,1.00E+11,300000,['4892************']
Visa,VISA Fidelity Debit Card issued by PNC,0.000003,1.00E+11,"300,000",['4251************']
Visa,VISA North Carolina State Employees' Credit Union VISA Check Card,0.000003,1.00E+11,"300,000",['4327************']
Visa,VISA Chase Leisure Rewards Visa Business Debit/Check Card,0.000002,1.00E+11,"200,000",['4312************']
Visa,VISA First Interstate Bank Visa Credit Card,0.000002,1.00E+11,"200,000",['4343************']
Visa,VISA Urban Trust Bank Salute Visa Card,0.000002,1.00E+11,200000,['4146************']
MasterCard,Mastercard Western States BankCard Association,1.14E-06,88000000000,100000,"['512000**********', '512005**********', '512010**********', '512015**********', '512022**********', '512024**********', '512105**********', '512110**********', '512111**********', '512136**********', '512207**********', '512210**********', '512211**********', '512213**********', '512221**********', '512240**********', '512244**********', '512262**********', '512265**********', '512268**********', '512277**********', '512278**********', '512281**********', '512282**********', '512283**********', '512287**********', '512288**********', '512289**********', '512290**********', '512293**********', '512295**********', '512297**********', '512344**********', '512356**********', '512369**********', '512375**********', '512387**********', '512388**********', '512390**********', '512500**********', '512502**********', '512503**********', '512504**********', '512505**********', '512506**********', '512507**********', '512508**********', '512509**********', '512511**********', '512512**********', '512513**********', '512514**********', '512515**********', '512516**********', '512517**********', '512518**********', '512519**********', '512520**********', '512521**********', '512522**********', '512523**********', '512524**********', '512525**********', '512526**********', '512527**********', '512528**********', '512529**********', '512530**********', '512531**********', '512532**********', '512533**********', '512534**********', '512535**********', '512536**********', '512537**********', '512538**********', '512539**********', '512540**********', '512541**********', '512542**********', '512543**********', '512544**********', '512545**********', '512546**********', '512547**********', '512548**********', '512549**********', '512550**********']"
MasterCard,Mastercard BancorpSouth Mastercard MasterMoney Debit Card,0.000001,1.00E+11,100000,['5455************']
MasterCard,Mastercard Chase Bank,0.000001,1.00E+11,100000,['5417************']
Visa,VISA Banner Bank VISA (Credit),0.000001,1.00E+11,100000,['4904************']
Visa,VISA Vista Federal Credit Union (Walt Disney World) Visa Debit Card,0.000001,1.00E+11,100000,['4492************']
MasterCard,Mastercard Bay Bank,0.0000005,1.00E+11,50000,['5300************']
Visa,VISA Members Credit Union Visa Debit,0.0000005,1.00E+11,"50,000",['4238************']
Visa,VISA Silverton Bank NA (closed in 2009),0.0000005,1.00E+11,"50,000",['4315************']
Visa,VISA U.S. Bank,0.0000005,1.00E+11,"50,000",['4432************']
Visa,VISA TD Bank,4.90E-07,1.02E+11,"50,000","['415874**********', '418221**********', '4482************']"
